store_key,division,district,upazila
S0001,Tamil Nadu,Coimbatore,Gandhipuram
S0002,Maharashtra,Mumbai,Andheri
S0003,West Bengal,Kolkata,Salt Lake
S0004,Maharashtra,Pune,Wakad
S0005,Tamil Nadu,Coimbatore,Saibaba Colony
S0006,Tamil Nadu,Coimbatore,Peelamedu
S0007,Karnataka,Mysore,Chamundi
S0008,Maharashtra,Mumbai,Dadar
S0009,West Bengal,Darjeeling,Kurseong
S0010,Maharashtra,Mumbai,Andheri
S0011,Maharashtra,Pune,Kothrud
S0012,Tamil Nadu,Chennai,Adyar
S0013,Maharashtra,Mumbai,Andheri
S0014,Maharashtra,Pune,Kothrud
S0015,Tamil Nadu,Coimbatore,Gandhipuram
S0016,Tamil Nadu,Chennai,Tambaram
S0017,Maharashtra,Pune,Wakad
S0018,Tamil Nadu,Chennai,T. Nagar
S0019,Karnataka,Bangalore,Koramangala
S0020,Maharashtra,Mumbai,Andheri
S0021,Karnataka,Bangalore,Koramangala
S0022,Tamil Nadu,Coimbatore,RS Puram
S0023,West Bengal,Kolkata,Howrah
S0024,Maharashtra,Pune,Shivajinagar
S0025,Karnataka,Mysore,Nanjangud
S0026,West Bengal,Kolkata,Howrah
S0027,Maharashtra,Mumbai,Dadar
S0028,Maharashtra,Mumbai,Borivali
S0029,Karnataka,Bangalore,Whitefield
S0030,Tamil Nadu,Chennai,Velachery
S0031,Karnataka,Bangalore,Koramangala
S0032,Tamil Nadu,Coimbatore,Saibaba Colony
S0033,Tamil Nadu,Chennai,Tambaram
S0034,Karnataka,Mysore,Saraswathipuram
S0035,West Bengal,Darjeeling,Mirik
S0036,Tamil Nadu,Chennai,Tambaram
S0037,Karnataka,Bangalore,Jayanagar
S0038,Tamil Nadu,Chennai,Velachery
S0039,Karnataka,Bangalore,Whitefield
S0040,Tamil Nadu,Chennai,T. Nagar
S0041,Tamil Nadu,Coimbatore,RS Puram
S0042,Maharashtra,Mumbai,Bandra
S0043,Maharashtra,Pune,Wakad
S0044,West Bengal,Kolkata,Gariahat
S0045,Maharashtra,Mumbai,Dadar
S0046,Maharashtra,Pune,Wakad
S0047,Maharashtra,Mumbai,Borivali
S0048,West Bengal,Kolkata,Salt Lake
S0049,Tamil Nadu,Coimbatore,Gandhipuram
S0050,West Bengal,Kolkata,Dumdum
S0051,West Bengal,Kolkata,Dumdum
S0052,Maharashtra,Pune,Kothrud
S0053,West Bengal,Kolkata,Salt Lake
S0054,Karnataka,Mysore,Hebbal
S0055,Tamil Nadu,Coimbatore,Gandhipuram
S0056,Tamil Nadu,Chennai,Velachery
S0057,Maharashtra,Pune,Hadapsar
S0058,Tamil Nadu,Coimbatore,Saibaba Colony
S0059,Maharashtra,Pune,Hadapsar
S0060,West Bengal,Darjeeling,Mirik
S0061,Karnataka,Mysore,Saraswathipuram
S0062,Tamil Nadu,Coimbatore,Gandhipuram
S0063,Tamil Nadu,Chennai,Tambaram
S0064,Tamil Nadu,Coimbatore,Peelamedu
S0065,Karnataka,Bangalore,Jayanagar
S0066,Karnataka,Bangalore,Indiranagar
S0067,Maharashtra,Pune,Wakad
S0068,Maharashtra,Mumbai,Bandra
S0069,West Bengal,Kolkata,Howrah
S0070,West Bengal,Kolkata,Salt Lake
S0071,Maharashtra,Pune,Kothrud
S0072,Karnataka,Mysore,Nanjangud
S0073,Karnataka,Mysore,Chamundi
S0074,West Bengal,Kolkata,Howrah
S0075,Tamil Nadu,Coimbatore,Gandhipuram
S0076,West Bengal,Darjeeling,Mirik
S0077,Karnataka,Mysore,Hebbal
S0078,West Bengal,Darjeeling,Kalimpong
S0079,West Bengal,Kolkata,Salt Lake
S0080,Maharashtra,Pune,Wakad
S0081,Tamil Nadu,Chennai,Tambaram
S0082,West Bengal,Kolkata,Salt Lake
S0083,Tamil Nadu,Chennai,T. Nagar
S0084,Karnataka,Mysore,Chamundi
S0085,West Bengal,Darjeeling,Mirik
S0086,Maharashtra,Pune,Wakad
S0087,Karnataka,Mysore,Saraswathipuram
S0088,Tamil Nadu,Chennai,Adyar
S0089,Maharashtra,Mumbai,Dadar
S0090,Maharashtra,Mumbai,Bandra
S0091,Maharashtra,Mumbai,Borivali
S0092,Tamil Nadu,Coimbatore,Gandhipuram
S0093,Karnataka,Bangalore,Koramangala
S0094,West Bengal,Darjeeling,Kurseong
S0095,Maharashtra,Mumbai,Dadar
S0096,West Bengal,Darjeeling,Mirik
S0097,Karnataka,Mysore,Saraswathipuram
S0098,Tamil Nadu,Chennai,Adyar
S0099,Karnataka,Mysore,Saraswathipuram
S00100,Karnataka,Bangalore,Whitefield
S00101,Maharashtra,Mumbai,Andheri
S00102,Tamil Nadu,Coimbatore,Saibaba Colony
S00103,Tamil Nadu,Coimbatore,Peelamedu
S00104,Tamil Nadu,Chennai,Tambaram
S00105,West Bengal,Kolkata,Salt Lake
S00106,Tamil Nadu,Coimbatore,Gandhipuram
S00107,Maharashtra,Mumbai,Borivali
S00108,West Bengal,Darjeeling,Kurseong
S00109,West Bengal,Darjeeling,Kalimpong
S00110,Karnataka,Mysore,Nanjangud
S00111,Karnataka,Mysore,Chamundi
S00112,West Bengal,Kolkata,Salt Lake
S00113,Tamil Nadu,Chennai,Adyar
S00114,Maharashtra,Pune,Hadapsar
S00115,Karnataka,Mysore,Hebbal
S00116,Karnataka,Bangalore,Whitefield
S00117,West Bengal,Kolkata,Gariahat
S00118,Tamil Nadu,Coimbatore,Gandhipuram
S00119,Tamil Nadu,Chennai,Velachery
S00120,Maharashtra,Pune,Shivajinagar
S00121,Karnataka,Bangalore,Indiranagar
S00122,Tamil Nadu,Chennai,Tambaram
S00123,Karnataka,Bangalore,Indiranagar
S00124,Tamil Nadu,Chennai,Adyar
S00125,Maharashtra,Mumbai,Andheri
S00126,West Bengal,Kolkata,Howrah
S00127,Maharashtra,Mumbai,Andheri
S00128,Karnataka,Mysore,Hebbal
S00129,Karnataka,Mysore,Chamundi
S00130,Karnataka,Bangalore,Jayanagar
S00131,West Bengal,Kolkata,Gariahat
S00132,Maharashtra,Mumbai,Bandra
S00133,Karnataka,Mysore,Chamundi
S00134,Karnataka,Mysore,Nanjangud
S00135,Maharashtra,Mumbai,Dadar
S00136,West Bengal,Darjeeling,Siliguri
S00137,Maharashtra,Mumbai,Dadar
S00138,Karnataka,Bangalore,Indiranagar
S00139,Karnataka,Bangalore,Indiranagar
S00140,Maharashtra,Pune,Shivajinagar
S00141,West Bengal,Darjeeling,Siliguri
S00142,Tamil Nadu,Chennai,Tambaram
S00143,West Bengal,Kolkata,Salt Lake
S00144,Karnataka,Bangalore,Whitefield
S00145,West Bengal,Darjeeling,Kurseong
S00146,Maharashtra,Pune,Kothrud
S00147,Tamil Nadu,Chennai,Tambaram
S00148,Tamil Nadu,Coimbatore,Saibaba Colony
S00149,Maharashtra,Pune,Kothrud
S00150,West Bengal,Kolkata,Gariahat
S00151,Karnataka,Mysore,Saraswathipuram
S00152,Tamil Nadu,Coimbatore,Gandhipuram
S00153,West Bengal,Darjeeling,Kalimpong
S00154,Tamil Nadu,Chennai,Adyar
S00155,Maharashtra,Mumbai,Borivali
S00156,Maharashtra,Pune,Wakad
S00157,West Bengal,Kolkata,Howrah
S00158,Tamil Nadu,Chennai,T. Nagar
S00159,Maharashtra,Pune,Wakad
S00160,Maharashtra,Pune,Wakad
S00161,Maharashtra,Mumbai,Dadar
S00162,Tamil Nadu,Coimbatore,Gandhipuram
S00163,Maharashtra,Pune,Wakad
S00164,Karnataka,Mysore,Chamundi
S00165,Karnataka,Bangalore,Whitefield
S00166,Maharashtra,Mumbai,Dadar
S00167,Maharashtra,Pune,Wakad
S00168,Tamil Nadu,Coimbatore,Peelamedu
S00169,Maharashtra,Pune,Kothrud
S00170,Maharashtra,Pune,Shivajinagar
S00171,Karnataka,Mysore,Hebbal
S00172,Tamil Nadu,Chennai,T. Nagar
S00173,West Bengal,Darjeeling,Siliguri
S00174,Karnataka,Bangalore,Koramangala
S00175,Karnataka,Bangalore,Koramangala
S00176,Maharashtra,Pune,Kothrud
S00177,Maharashtra,Mumbai,Borivali
S00178,West Bengal,Darjeeling,Kurseong
S00179,West Bengal,Darjeeling,Kurseong
S00180,West Bengal,Darjeeling,Kalimpong
S00181,Tamil Nadu,Coimbatore,Saibaba Colony
S00182,Tamil Nadu,Coimbatore,Peelamedu
S00183,Karnataka,Mysore,Saraswathipuram
S00184,Maharashtra,Mumbai,Borivali
S00185,West Bengal,Darjeeling,Mirik
S00186,West Bengal,Kolkata,Howrah
S00187,Karnataka,Bangalore,Whitefield
S00188,Maharashtra,Pune,Wakad
S00189,Maharashtra,Pune,Kothrud
S00190,West Bengal,Darjeeling,Kalimpong
S00191,West Bengal,Darjeeling,Kurseong
S00192,West Bengal,Kolkata,Salt Lake
S00193,Maharashtra,Pune,Wakad
S00194,Karnataka,Mysore,Hebbal
S00195,West Bengal,Darjeeling,Kalimpong
S00196,Karnataka,Bangalore,Whitefield
S00197,Tamil Nadu,Chennai,Tambaram
S00198,Maharashtra,Mumbai,Bandra
S00199,Karnataka,Mysore,Saraswathipuram
S00200,Karnataka,Bangalore,Jayanagar
S00201,Karnataka,Mysore,Saraswathipuram
S00202,Karnataka,Mysore,Hebbal
S00203,Karnataka,Bangalore,Whitefield
S00204,Maharashtra,Pune,Hadapsar
S00205,West Bengal,Darjeeling,Siliguri
S00206,Maharashtra,Pune,Kothrud
S00207,West Bengal,Darjeeling,Mirik
S00208,Maharashtra,Mumbai,Bandra
S00209,West Bengal,Darjeeling,Mirik
S00210,Karnataka,Mysore,Saraswathipuram
S00211,West Bengal,Kolkata,Salt Lake
S00212,Karnataka,Bangalore,Koramangala
S00213,West Bengal,Darjeeling,Kalimpong
S00214,West Bengal,Darjeeling,Kurseong
S00215,Karnataka,Mysore,Nanjangud
S00216,Karnataka,Mysore,Saraswathipuram
S00217,Tamil Nadu,Chennai,Tambaram
S00218,Tamil Nadu,Coimbatore,RS Puram
S00219,Maharashtra,Pune,Shivajinagar
S00220,West Bengal,Kolkata,Gariahat
S00221,Karnataka,Mysore,Nanjangud
S00222,Tamil Nadu,Chennai,T. Nagar
S00223,Tamil Nadu,Chennai,Tambaram
S00224,Tamil Nadu,Coimbatore,Saibaba Colony
S00225,Maharashtra,Mumbai,Bandra
S00226,Tamil Nadu,Chennai,T. Nagar
S00227,Tamil Nadu,Chennai,Adyar
S00228,Karnataka,Bangalore,Whitefield
S00229,Maharashtra,Pune,Hadapsar
S00230,Karnataka,Mysore,Nanjangud
S00231,Maharashtra,Mumbai,Dadar
S00232,Maharashtra,Pune,Hadapsar
S00233,Tamil Nadu,Chennai,Velachery
S00234,Tamil Nadu,Coimbatore,Peelamedu
S00235,Maharashtra,Pune,Wakad
S00236,Maharashtra,Mumbai,Borivali
S00237,Karnataka,Mysore,Chamundi
S00238,Maharashtra,Pune,Wakad
S00239,Tamil Nadu,Chennai,Velachery
S00240,Tamil Nadu,Chennai,Velachery
S00241,West Bengal,Darjeeling,Kurseong
S00242,Tamil Nadu,Chennai,T. Nagar
S00243,Tamil Nadu,Chennai,Adyar
S00244,Karnataka,Mysore,Hebbal
S00245,Maharashtra,Pune,Kothrud
S00246,Tamil Nadu,Coimbatore,RS Puram
S00247,Maharashtra,Pune,Wakad
S00248,West Bengal,Darjeeling,Mirik
S00249,Tamil Nadu,Coimbatore,Peelamedu
S00250,West Bengal,Kolkata,Gariahat
S00251,West Bengal,Kolkata,Howrah
S00252,Karnataka,Bangalore,Indiranagar
S00253,Maharashtra,Mumbai,Dadar
S00254,West Bengal,Darjeeling,Kalimpong
S00255,Karnataka,Mysore,Saraswathipuram
S00256,Karnataka,Mysore,Saraswathipuram
S00257,Maharashtra,Mumbai,Dadar
S00258,Maharashtra,Pune,Kothrud
S00259,West Bengal,Kolkata,Salt Lake
S00260,Karnataka,Mysore,Hebbal
S00261,Karnataka,Mysore,Chamundi
S00262,Karnataka,Mysore,Chamundi
S00263,West Bengal,Kolkata,Dumdum
S00264,Maharashtra,Pune,Hadapsar
S00265,Karnataka,Bangalore,Jayanagar
S00266,Tamil Nadu,Coimbatore,RS Puram
S00267,Tamil Nadu,Chennai,Velachery
S00268,Karnataka,Mysore,Saraswathipuram
S00269,Tamil Nadu,Coimbatore,Gandhipuram
S00270,Maharashtra,Mumbai,Andheri
S00271,Karnataka,Bangalore,Jayanagar
S00272,West Bengal,Kolkata,Gariahat
S00273,Tamil Nadu,Coimbatore,Peelamedu
S00274,Karnataka,Mysore,Nanjangud
S00275,Maharashtra,Pune,Shivajinagar
S00276,Maharashtra,Mumbai,Borivali
S00277,Maharashtra,Mumbai,Borivali
S00278,Tamil Nadu,Chennai,Tambaram
S00279,West Bengal,Kolkata,Salt Lake
S00280,Tamil Nadu,Chennai,Velachery
S00281,Tamil Nadu,Coimbatore,RS Puram
S00282,Maharashtra,Pune,Kothrud
S00283,Tamil Nadu,Coimbatore,Gandhipuram
S00284,West Bengal,Kolkata,Salt Lake
S00285,West Bengal,Darjeeling,Siliguri
S00286,Karnataka,Mysore,Chamundi
S00287,Karnataka,Bangalore,Whitefield
S00288,Maharashtra,Mumbai,Dadar
S00289,West Bengal,Darjeeling,Kurseong
S00290,West Bengal,Kolkata,Salt Lake
S00291,Maharashtra,Mumbai,Andheri
S00292,Karnataka,Bangalore,Indiranagar
S00293,Tamil Nadu,Coimbatore,Gandhipuram
S00294,West Bengal,Kolkata,Salt Lake
S00295,Tamil Nadu,Coimbatore,Saibaba Colony
S00296,Tamil Nadu,Chennai,Tambaram
S00297,West Bengal,Darjeeling,Kurseong
S00298,Maharashtra,Mumbai,Andheri
S00299,Maharashtra,Mumbai,Dadar
S00300,Karnataka,Mysore,Chamundi
S00301,Karnataka,Mysore,Chamundi
S00302,Tamil Nadu,Chennai,Tambaram
S00303,Karnataka,Bangalore,Jayanagar
S00304,Tamil Nadu,Chennai,T. Nagar
S00305,Maharashtra,Pune,Shivajinagar
S00306,Maharashtra,Pune,Shivajinagar
S00307,West Bengal,Kolkata,Gariahat
S00308,Karnataka,Mysore,Chamundi
S00309,Karnataka,Bangalore,Koramangala
S00310,Karnataka,Bangalore,Whitefield
S00311,Karnataka,Mysore,Chamundi
S00312,Maharashtra,Pune,Kothrud
S00313,Maharashtra,Pune,Wakad
S00314,Maharashtra,Mumbai,Borivali
S00315,Karnataka,Bangalore,Indiranagar
S00316,Karnataka,Mysore,Chamundi
S00317,West Bengal,Darjeeling,Kurseong
S00318,Tamil Nadu,Chennai,Velachery
S00319,Maharashtra,Pune,Shivajinagar
S00320,Karnataka,Mysore,Hebbal
S00321,Karnataka,Bangalore,Whitefield
S00322,Karnataka,Mysore,Saraswathipuram
S00323,Karnataka,Bangalore,Koramangala
S00324,Karnataka,Mysore,Chamundi
S00325,Maharashtra,Mumbai,Andheri
S00326,Tamil Nadu,Coimbatore,Saibaba Colony
S00327,West Bengal,Kolkata,Howrah
S00328,Karnataka,Mysore,Hebbal
S00329,Karnataka,Bangalore,Koramangala
S00330,Karnataka,Bangalore,Whitefield
S00331,Karnataka,Bangalore,Koramangala
S00332,West Bengal,Kolkata,Salt Lake
S00333,Karnataka,Bangalore,Koramangala
S00334,Maharashtra,Mumbai,Borivali
S00335,Karnataka,Bangalore,Whitefield
S00336,Karnataka,Bangalore,Whitefield
S00337,Maharashtra,Pune,Wakad
S00338,Karnataka,Bangalore,Jayanagar
S00339,West Bengal,Darjeeling,Kalimpong
S00340,West Bengal,Kolkata,Gariahat
S00341,Karnataka,Bangalore,Koramangala
S00342,Maharashtra,Pune,Wakad
S00343,Maharashtra,Mumbai,Andheri
S00344,Maharashtra,Pune,Kothrud
S00345,West Bengal,Kolkata,Howrah
S00346,Karnataka,Bangalore,Whitefield
S00347,Karnataka,Mysore,Nanjangud
S00348,West Bengal,Kolkata,Salt Lake
S00349,Tamil Nadu,Coimbatore,Gandhipuram
S00350,West Bengal,Darjeeling,Mirik
S00351,Karnataka,Mysore,Saraswathipuram
S00352,Tamil Nadu,Chennai,Tambaram
S00353,Karnataka,Mysore,Nanjangud
S00354,Maharashtra,Mumbai,Borivali
S00355,Karnataka,Mysore,Saraswathipuram
S00356,Maharashtra,Pune,Hadapsar
S00357,Karnataka,Mysore,Nanjangud
S00358,West Bengal,Kolkata,Salt Lake
S00359,Maharashtra,Mumbai,Borivali
S00360,West Bengal,Darjeeling,Kurseong
S00361,Tamil Nadu,Coimbatore,Saibaba Colony
S00362,West Bengal,Kolkata,Howrah
S00363,Tamil Nadu,Chennai,Velachery
S00364,Tamil Nadu,Chennai,Adyar
S00365,West Bengal,Darjeeling,Mirik
S00366,Tamil Nadu,Chennai,T. Nagar
S00367,West Bengal,Kolkata,Salt Lake
S00368,Tamil Nadu,Coimbatore,RS Puram
S00369,Maharashtra,Mumbai,Andheri
S00370,Karnataka,Mysore,Hebbal
S00371,Tamil Nadu,Chennai,Tambaram
S00372,Tamil Nadu,Coimbatore,Saibaba Colony
S00373,Tamil Nadu,Coimbatore,Saibaba Colony
S00374,Tamil Nadu,Coimbatore,Peelamedu
S00375,West Bengal,Kolkata,Dumdum
S00376,Maharashtra,Mumbai,Dadar
S00377,Tamil Nadu,Coimbatore,Peelamedu
S00378,West Bengal,Kolkata,Howrah
S00379,West Bengal,Kolkata,Howrah
S00380,Karnataka,Bangalore,Whitefield
S00381,Tamil Nadu,Coimbatore,Saibaba Colony
S00382,West Bengal,Kolkata,Gariahat
S00383,West Bengal,Kolkata,Gariahat
S00384,West Bengal,Darjeeling,Kurseong
S00385,West Bengal,Darjeeling,Mirik
S00386,West Bengal,Kolkata,Gariahat
S00387,Maharashtra,Pune,Shivajinagar
S00388,West Bengal,Darjeeling,Kurseong
S00389,Karnataka,Mysore,Nanjangud
S00390,Tamil Nadu,Coimbatore,Peelamedu
S00391,Karnataka,Mysore,Chamundi
S00392,Tamil Nadu,Chennai,Velachery
S00393,West Bengal,Kolkata,Gariahat
S00394,Tamil Nadu,Chennai,Tambaram
S00395,Maharashtra,Mumbai,Andheri
S00396,West Bengal,Kolkata,Gariahat
S00397,West Bengal,Darjeeling,Kurseong
S00398,Tamil Nadu,Chennai,T. Nagar
S00399,Tamil Nadu,Coimbatore,Gandhipuram
S00400,West Bengal,Darjeeling,Kalimpong
S00401,West Bengal,Darjeeling,Kalimpong
S00402,Maharashtra,Pune,Kothrud
S00403,West Bengal,Darjeeling,Siliguri
S00404,Karnataka,Mysore,Chamundi
S00405,Karnataka,Bangalore,Koramangala
S00406,Maharashtra,Pune,Hadapsar
S00407,Maharashtra,Mumbai,Dadar
S00408,Tamil Nadu,Chennai,Adyar
S00409,Tamil Nadu,Coimbatore,Gandhipuram
S00410,West Bengal,Kolkata,Howrah
S00411,Karnataka,Bangalore,Jayanagar
S00412,Karnataka,Bangalore,Indiranagar
S00413,Tamil Nadu,Coimbatore,Peelamedu
S00414,Maharashtra,Pune,Wakad
S00415,Maharashtra,Pune,Kothrud
S00416,Maharashtra,Mumbai,Andheri
S00417,Maharashtra,Pune,Wakad
S00418,West Bengal,Darjeeling,Siliguri
S00419,Karnataka,Bangalore,Whitefield
S00420,Maharashtra,Mumbai,Dadar
S00421,West Bengal,Darjeeling,Kurseong
S00422,Tamil Nadu,Coimbatore,Gandhipuram
S00423,Maharashtra,Pune,Kothrud
S00424,Tamil Nadu,Coimbatore,RS Puram
S00425,West Bengal,Darjeeling,Siliguri
S00426,Maharashtra,Pune,Wakad
S00427,Tamil Nadu,Coimbatore,Gandhipuram
S00428,Maharashtra,Mumbai,Andheri
S00429,Karnataka,Bangalore,Indiranagar
S00430,Karnataka,Bangalore,Indiranagar
S00431,Maharashtra,Mumbai,Borivali
S00432,West Bengal,Darjeeling,Kurseong
S00433,Maharashtra,Pune,Hadapsar
S00434,Karnataka,Mysore,Nanjangud
S00435,Tamil Nadu,Chennai,Adyar
S00436,Maharashtra,Mumbai,Bandra
S00437,Maharashtra,Pune,Wakad
S00438,Karnataka,Bangalore,Whitefield
S00439,West Bengal,Darjeeling,Kalimpong
S00440,Karnataka,Bangalore,Koramangala
S00441,Tamil Nadu,Coimbatore,Peelamedu
S00442,Karnataka,Mysore,Saraswathipuram
S00443,Tamil Nadu,Chennai,Velachery
S00444,Karnataka,Mysore,Nanjangud
S00445,Karnataka,Mysore,Chamundi
S00446,Tamil Nadu,Chennai,Velachery
S00447,Tamil Nadu,Coimbatore,Saibaba Colony
S00448,Tamil Nadu,Chennai,Adyar
S00449,Karnataka,Bangalore,Jayanagar
S00450,Tamil Nadu,Chennai,Tambaram
S00451,Karnataka,Mysore,Chamundi
S00452,Tamil Nadu,Coimbatore,Saibaba Colony
S00453,West Bengal,Darjeeling,Siliguri
S00454,West Bengal,Kolkata,Salt Lake
S00455,Maharashtra,Pune,Wakad
S00456,Tamil Nadu,Coimbatore,Gandhipuram
S00457,Karnataka,Bangalore,Indiranagar
S00458,Tamil Nadu,Chennai,Adyar
S00459,Tamil Nadu,Coimbatore,Gandhipuram
S00460,West Bengal,Kolkata,Salt Lake
S00461,Maharashtra,Mumbai,Dadar
S00462,West Bengal,Kolkata,Gariahat
S00463,West Bengal,Kolkata,Salt Lake
S00464,West Bengal,Kolkata,Howrah
S00465,Tamil Nadu,Chennai,Tambaram
S00466,Maharashtra,Pune,Shivajinagar
S00467,Maharashtra,Pune,Wakad
S00468,Tamil Nadu,Coimbatore,RS Puram
S00469,Tamil Nadu,Coimbatore,RS Puram
S00470,Maharashtra,Mumbai,Dadar
S00471,West Bengal,Darjeeling,Kurseong
S00472,Tamil Nadu,Chennai,Tambaram
S00473,West Bengal,Darjeeling,Kurseong
S00474,Maharashtra,Pune,Kothrud
S00475,West Bengal,Darjeeling,Kurseong
S00476,Karnataka,Mysore,Chamundi
S00477,Tamil Nadu,Chennai,T. Nagar
S00478,Tamil Nadu,Coimbatore,RS Puram
S00479,Karnataka,Bangalore,Whitefield
S00480,Karnataka,Bangalore,Indiranagar
S00481,West Bengal,Darjeeling,Mirik
S00482,Maharashtra,Mumbai,Andheri
S00483,West Bengal,Kolkata,Dumdum
S00484,Karnataka,Bangalore,Indiranagar
S00485,Karnataka,Bangalore,Whitefield
S00486,Karnataka,Mysore,Nanjangud
S00487,West Bengal,Darjeeling,Kurseong
S00488,Tamil Nadu,Coimbatore,Saibaba Colony
S00489,Tamil Nadu,Chennai,Tambaram
S00490,Tamil Nadu,Chennai,Velachery
S00491,Maharashtra,Pune,Wakad
S00492,Maharashtra,Pune,Wakad
S00493,West Bengal,Darjeeling,Kurseong
S00494,Maharashtra,Mumbai,Andheri
S00495,West Bengal,Kolkata,Howrah
S00496,Tamil Nadu,Coimbatore,Peelamedu
S00497,West Bengal,Darjeeling,Mirik
S00498,Maharashtra,Pune,Hadapsar
S00499,West Bengal,Darjeeling,Kalimpong
S00500,Maharashtra,Pune,Shivajinagar
S00501,Tamil Nadu,Chennai,Velachery
S00502,Maharashtra,Mumbai,Andheri
S00503,West Bengal,Darjeeling,Mirik
S00504,Tamil Nadu,Chennai,T. Nagar
S00505,Maharashtra,Mumbai,Andheri
S00506,Tamil Nadu,Coimbatore,Gandhipuram
S00507,Maharashtra,Pune,Shivajinagar
S00508,West Bengal,Darjeeling,Kalimpong
S00509,Maharashtra,Mumbai,Bandra
S00510,West Bengal,Darjeeling,Mirik
S00511,Maharashtra,Pune,Kothrud
S00512,West Bengal,Kolkata,Howrah
S00513,Karnataka,Bangalore,Indiranagar
S00514,West Bengal,Darjeeling,Mirik
S00515,Karnataka,Bangalore,Indiranagar
S00516,Karnataka,Bangalore,Jayanagar
S00517,West Bengal,Kolkata,Salt Lake
S00518,Maharashtra,Mumbai,Dadar
S00519,Maharashtra,Mumbai,Andheri
S00520,Tamil Nadu,Chennai,Tambaram
S00521,Karnataka,Mysore,Saraswathipuram
S00522,West Bengal,Kolkata,Dumdum
S00523,Tamil Nadu,Coimbatore,Gandhipuram
S00524,Karnataka,Bangalore,Indiranagar
S00525,Tamil Nadu,Coimbatore,Gandhipuram
S00526,Karnataka,Bangalore,Indiranagar
S00527,Karnataka,Mysore,Nanjangud
S00528,Maharashtra,Pune,Kothrud
S00529,Maharashtra,Mumbai,Andheri
S00530,Maharashtra,Pune,Shivajinagar
S00531,Maharashtra,Pune,Shivajinagar
S00532,Tamil Nadu,Coimbatore,Peelamedu
S00533,Tamil Nadu,Chennai,T. Nagar
S00534,Maharashtra,Pune,Kothrud
S00535,Tamil Nadu,Coimbatore,RS Puram
S00536,Karnataka,Bangalore,Indiranagar
S00537,Maharashtra,Pune,Hadapsar
S00538,Tamil Nadu,Chennai,Velachery
S00539,Tamil Nadu,Coimbatore,Saibaba Colony
S00540,Maharashtra,Mumbai,Borivali
S00541,Karnataka,Bangalore,Jayanagar
S00542,Karnataka,Mysore,Nanjangud
S00543,Maharashtra,Mumbai,Borivali
S00544,Maharashtra,Mumbai,Andheri
S00545,West Bengal,Kolkata,Gariahat
S00546,Tamil Nadu,Coimbatore,Peelamedu
S00547,Karnataka,Mysore,Nanjangud
S00548,West Bengal,Darjeeling,Mirik
S00549,Tamil Nadu,Coimbatore,RS Puram
S00550,Maharashtra,Mumbai,Dadar
S00551,Tamil Nadu,Coimbatore,RS Puram
S00552,Tamil Nadu,Coimbatore,Gandhipuram
S00553,Maharashtra,Mumbai,Borivali
S00554,Karnataka,Bangalore,Indiranagar
S00555,Karnataka,Bangalore,Whitefield
S00556,Tamil Nadu,Chennai,Velachery
S00557,Maharashtra,Mumbai,Borivali
S00558,Karnataka,Mysore,Saraswathipuram
S00559,Karnataka,Bangalore,Koramangala
S00560,West Bengal,Kolkata,Dumdum
S00561,West Bengal,Darjeeling,Kurseong
S00562,West Bengal,Kolkata,Dumdum
S00563,Tamil Nadu,Chennai,Adyar
S00564,West Bengal,Kolkata,Howrah
S00565,Karnataka,Bangalore,Whitefield
S00566,Karnataka,Bangalore,Jayanagar
S00567,Maharashtra,Mumbai,Borivali
S00568,Karnataka,Mysore,Nanjangud
S00569,Tamil Nadu,Coimbatore,Gandhipuram
S00570,Karnataka,Bangalore,Jayanagar
S00571,Tamil Nadu,Coimbatore,RS Puram
S00572,West Bengal,Darjeeling,Kurseong
S00573,Tamil Nadu,Coimbatore,Saibaba Colony
S00574,Karnataka,Mysore,Nanjangud
S00575,West Bengal,Kolkata,Salt Lake
S00576,Karnataka,Bangalore,Koramangala
S00577,Tamil Nadu,Chennai,Tambaram
S00578,West Bengal,Darjeeling,Siliguri
S00579,West Bengal,Darjeeling,Kurseong
S00580,Tamil Nadu,Coimbatore,Saibaba Colony
S00581,West Bengal,Kolkata,Salt Lake
S00582,Karnataka,Bangalore,Whitefield
S00583,Karnataka,Bangalore,Jayanagar
S00584,Maharashtra,Mumbai,Dadar
S00585,Karnataka,Mysore,Chamundi
S00586,Maharashtra,Pune,Wakad
S00587,West Bengal,Darjeeling,Kalimpong
S00588,Tamil Nadu,Chennai,Velachery
S00589,West Bengal,Darjeeling,Mirik
S00590,Maharashtra,Mumbai,Andheri
S00591,Karnataka,Bangalore,Whitefield
S00592,Maharashtra,Pune,Hadapsar
S00593,Maharashtra,Pune,Kothrud
S00594,Karnataka,Bangalore,Koramangala
S00595,West Bengal,Kolkata,Howrah
S00596,Karnataka,Mysore,Chamundi
S00597,Tamil Nadu,Coimbatore,RS Puram
S00598,West Bengal,Kolkata,Salt Lake
S00599,Maharashtra,Mumbai,Andheri
S00600,Karnataka,Mysore,Nanjangud
S00601,Maharashtra,Mumbai,Dadar
S00602,Tamil Nadu,Coimbatore,Saibaba Colony
S00603,West Bengal,Darjeeling,Siliguri
S00604,Karnataka,Bangalore,Indiranagar
S00605,Tamil Nadu,Coimbatore,RS Puram
S00606,Tamil Nadu,Coimbatore,Gandhipuram
S00607,West Bengal,Darjeeling,Siliguri
S00608,Karnataka,Bangalore,Koramangala
S00609,Maharashtra,Mumbai,Dadar
S00610,Maharashtra,Pune,Wakad
S00611,Tamil Nadu,Coimbatore,RS Puram
S00612,West Bengal,Kolkata,Gariahat
S00613,Tamil Nadu,Chennai,T. Nagar
S00614,West Bengal,Darjeeling,Siliguri
S00615,Tamil Nadu,Chennai,Adyar
S00616,West Bengal,Darjeeling,Kurseong
S00617,Tamil Nadu,Coimbatore,Saibaba Colony
S00618,West Bengal,Kolkata,Howrah
S00619,Tamil Nadu,Coimbatore,RS Puram
S00620,West Bengal,Kolkata,Salt Lake
S00621,West Bengal,Kolkata,Salt Lake
S00622,Maharashtra,Mumbai,Borivali
S00623,Maharashtra,Pune,Kothrud
S00624,Maharashtra,Mumbai,Borivali
S00625,Tamil Nadu,Chennai,Tambaram
S00626,Karnataka,Bangalore,Indiranagar
S00627,Maharashtra,Pune,Hadapsar
S00628,Maharashtra,Pune,Kothrud
S00629,West Bengal,Darjeeling,Siliguri
S00630,Tamil Nadu,Coimbatore,Saibaba Colony
S00631,Karnataka,Mysore,Saraswathipuram
S00632,Tamil Nadu,Chennai,Adyar
S00633,West Bengal,Kolkata,Gariahat
S00634,Maharashtra,Mumbai,Borivali
S00635,Maharashtra,Pune,Kothrud
S00636,Maharashtra,Pune,Wakad
S00637,Maharashtra,Pune,Hadapsar
S00638,Maharashtra,Mumbai,Andheri
S00639,Tamil Nadu,Chennai,Tambaram
S00640,West Bengal,Kolkata,Salt Lake
S00641,Karnataka,Mysore,Saraswathipuram
S00642,Tamil Nadu,Chennai,Tambaram
S00643,Tamil Nadu,Coimbatore,RS Puram
S00644,Maharashtra,Pune,Shivajinagar
S00645,Karnataka,Bangalore,Whitefield
S00646,West Bengal,Darjeeling,Siliguri
S00647,Karnataka,Bangalore,Whitefield
S00648,Tamil Nadu,Chennai,T. Nagar
S00649,West Bengal,Darjeeling,Siliguri
S00650,West Bengal,Darjeeling,Kalimpong
S00651,Maharashtra,Pune,Hadapsar
S00652,Maharashtra,Mumbai,Bandra
S00653,Karnataka,Mysore,Nanjangud
S00654,West Bengal,Darjeeling,Siliguri
S00655,Karnataka,Bangalore,Jayanagar
S00656,West Bengal,Darjeeling,Mirik
S00657,Maharashtra,Mumbai,Dadar
S00658,Tamil Nadu,Coimbatore,Gandhipuram
S00659,Maharashtra,Mumbai,Bandra
S00660,Maharashtra,Pune,Shivajinagar
S00661,Tamil Nadu,Chennai,T. Nagar
S00662,West Bengal,Kolkata,Gariahat
S00663,Karnataka,Mysore,Saraswathipuram
S00664,Maharashtra,Mumbai,Borivali
S00665,Karnataka,Bangalore,Indiranagar
S00666,Tamil Nadu,Chennai,Velachery
S00667,Karnataka,Bangalore,Koramangala
S00668,Maharashtra,Pune,Wakad
S00669,Tamil Nadu,Chennai,Adyar
S00670,West Bengal,Darjeeling,Kalimpong
S00671,West Bengal,Darjeeling,Kalimpong
S00672,Karnataka,Bangalore,Whitefield
S00673,Karnataka,Mysore,Saraswathipuram
S00674,West Bengal,Kolkata,Gariahat
S00675,Tamil Nadu,Chennai,Velachery
S00676,Tamil Nadu,Chennai,Velachery
S00677,Tamil Nadu,Coimbatore,Saibaba Colony
S00678,Karnataka,Mysore,Nanjangud
S00679,Maharashtra,Pune,Kothrud
S00680,Maharashtra,Pune,Kothrud
S00681,Tamil Nadu,Coimbatore,Peelamedu
S00682,Maharashtra,Pune,Hadapsar
S00683,Maharashtra,Pune,Hadapsar
S00684,Maharashtra,Mumbai,Dadar
S00685,Maharashtra,Mumbai,Andheri
S00686,West Bengal,Darjeeling,Kalimpong
S00687,Tamil Nadu,Chennai,Velachery
S00688,West Bengal,Kolkata,Gariahat
S00689,Maharashtra,Pune,Wakad
S00690,Tamil Nadu,Coimbatore,RS Puram
S00691,Tamil Nadu,Coimbatore,RS Puram
S00692,West Bengal,Darjeeling,Kalimpong
S00693,Tamil Nadu,Coimbatore,Peelamedu
S00694,Karnataka,Mysore,Hebbal
S00695,Karnataka,Bangalore,Koramangala
S00696,Tamil Nadu,Coimbatore,Gandhipuram
S00697,Tamil Nadu,Coimbatore,Peelamedu
S00698,Karnataka,Mysore,Hebbal
S00699,West Bengal,Darjeeling,Kurseong
S00700,Tamil Nadu,Chennai,Tambaram
S00701,Tamil Nadu,Coimbatore,Gandhipuram
S00702,Karnataka,Mysore,Hebbal
S00703,Karnataka,Bangalore,Jayanagar
S00704,Maharashtra,Mumbai,Dadar
S00705,Maharashtra,Pune,Hadapsar
S00706,West Bengal,Kolkata,Gariahat
S00707,Tamil Nadu,Coimbatore,Saibaba Colony
S00708,Tamil Nadu,Chennai,T. Nagar
S00709,West Bengal,Kolkata,Gariahat
S00710,Maharashtra,Mumbai,Borivali
S00711,Tamil Nadu,Coimbatore,RS Puram
S00712,Tamil Nadu,Coimbatore,RS Puram
S00713,Karnataka,Mysore,Nanjangud
S00714,Tamil Nadu,Chennai,Adyar
S00715,West Bengal,Darjeeling,Siliguri
S00716,Maharashtra,Mumbai,Dadar
S00717,Maharashtra,Mumbai,Bandra
S00718,West Bengal,Darjeeling,Kurseong
S00719,West Bengal,Kolkata,Howrah
S00720,West Bengal,Kolkata,Salt Lake
S00721,Maharashtra,Mumbai,Dadar
S00722,Karnataka,Mysore,Nanjangud
S00723,Karnataka,Bangalore,Jayanagar
S00724,Tamil Nadu,Chennai,T. Nagar
S00725,Karnataka,Mysore,Nanjangud
S00726,Karnataka,Mysore,Saraswathipuram
